Sample_ID,Material,X1_Drawing_Speed_m_per_s,X2_Initial_Temperature_C,X3_Reduction_Ratio_percent,X4_Semi_Die_Angle_deg,X5_Initial_Hardness_HV,X6_Lubricant_Type,X7_Number_of_Passes,Y1_Exit_Temperature_C_SYNTHETIC,Y2_Drawing_Stress_MPa_SYNTHETIC,Y3_Drawing_Force_N_SYNTHETIC,Y4_Damage_Index_SYNTHETIC,Y5_Delamination_Risk_SYNTHETIC
WD_001,Copper,5.147,85.79,26.68,6.43,84.8,Synthetic Emulsion,8,117.85,485.39,2510.73,0.9,Low
WD_002,Copper,14.604,112.39,30.9,7.38,96.1,Synthetic Emulsion,8,156.58,679.94,3318.91,1.056,Moderate
WD_003,Copper,9.31,65.94,31.58,5.53,91.3,Synthetic Emulsion,6,102.97,609.59,2926.05,1.001,Moderate
WD_004,Copper,5.513,108.09,34.94,7.02,84.2,Mineral Oil,8,148.49,604.2,2769.42,0.986,Low
WD_005,Copper,11.352,54.81,21.54,7.25,76,Synthetic Emulsion,6,89.54,513.17,2885.38,0.844,Low
WD_006,Copper,10.458,60.35,25.5,6.74,92.9,Mineral Oil,7,101.04,535.19,2817.8,0.961,Low
WD_007,Copper,9.233,56.02,27.5,5.73,123.3,Mineral Oil,8,91.01,545.66,2770.63,0.953,Low
WD_008,Copper,9.805,64.57,34.36,7.9,122.2,Synthetic Emulsion,7,108.05,720.97,3334.92,1.132,Moderate
WD_009,Copper,6.379,88.82,27.18,5.73,60.9,Synthetic Emulsion,7,120.07,471.75,2436.51,0.949,Low
WD_010,Copper,14.305,99.83,30.98,7.15,98.2,Synthetic Emulsion,8,137.97,617.47,2989.6,1.134,Moderate
WD_011,Copper,10.386,63.27,34.15,5.67,102.5,Synthetic Emulsion,8,107.25,659.41,3062.89,1.209,Moderate
WD_012,Copper,11.023,37.19,22,5.58,65.9,Synthetic Emulsion,7,61.61,477.87,2623.71,0.955,Low
WD_013,Copper,7.261,55.27,22.84,5.79,106.4,Mineral Oil,8,86.26,462.45,2540.93,1,Moderate
WD_014,Copper,11.94,109.5,20.39,7.13,110.2,Synthetic Emulsion,8,138.82,542.93,3028.7,0.943,Low
WD_015,Copper,4.22,58.54,39.09,6.04,68,Synthetic Emulsion,6,96.21,582.93,2513.81,0.877,Low
WD_016,Copper,10.031,47.68,31.7,5.82,115.3,Mineral Oil,6,88.48,612.24,2940.5,1.076,Moderate
WD_017,Copper,5.888,99.23,24.13,5.61,127.6,Synthetic Emulsion,5,138.62,497,2648.34,1.028,Moderate
WD_018,Copper,9.811,115.99,38.41,5.68,119.7,Mineral Oil,5,165.15,668.87,2935.52,1.054,Moderate
WD_019,Copper,13.207,118.06,21.89,7.07,111.7,Synthetic Emulsion,5,153.61,572.54,3148.17,0.991,Low
WD_020,Copper,8.543,79.82,31.05,6.75,123.4,Synthetic Emulsion,5,116.56,621.92,3041.23,0.926,Low
WD_021,Copper,5.477,95.72,34.29,7.43,65.5,Mineral Oil,5,138.58,560.29,2604.97,0.924,Low
WD_022,Copper,7.995,26.99,22.04,6.18,124.3,Mineral Oil,7,56.87,514.06,2844.15,0.914,Low
WD_023,Copper,9.389,64.99,22.77,6.94,128.3,Mineral Oil,7,99.3,532.98,2897.67,0.888,Low
WD_024,Copper,9.834,71.32,24.22,6.24,107.5,Synthetic Emulsion,6,105.46,515.26,2746.9,0.851,Low
WD_025,Copper,8.819,38.13,15.62,6.74,65.3,Synthetic Emulsion,5,69.05,348.63,2091.46,0.832,Low
WD_026,Copper,13.991,84.1,33.5,6.39,125.4,Mineral Oil,8,127.97,724.54,3404.53,1.054,Moderate
WD_027,Copper,12.425,86.2,20.01,6.79,61.2,Synthetic Emulsion,8,119.47,453.77,2580.58,1.159,Moderate
WD_028,Copper,8.176,81.18,15.26,5.77,83.2,Synthetic Emulsion,6,104.58,357.16,2101.88,0.697,Low
WD_029,Copper,13.656,108.57,33.55,7.96,96.5,Synthetic Emulsion,8,157.03,677.35,3177.26,1.254,Moderate
WD_030,Copper,11.958,72.22,17.81,5.82,95.7,Synthetic Emulsion,7,109.53,490.27,2851.55,0.93,Low
WD_031,Copper,6.841,78.81,24.8,6.65,63.5,Mineral Oil,5,114.27,457.49,2436.81,1.079,Moderate
WD_032,Copper,5.318,62.96,28.14,5.74,66,Mineral Oil,8,104.73,483.18,2484.33,0.952,Low
WD_033,Copper,11.972,54.94,26.85,7.73,117.2,Mineral Oil,6,95.54,611.38,3148.01,0.917,Low
WD_034,Copper,7.82,103.57,26.63,7.9,125.6,Mineral Oil,8,141.13,556.89,2883.83,0.896,Low
WD_035,Copper,9.345,75.28,20.04,5.9,114.8,Synthetic Emulsion,5,99.14,434.34,2447.03,0.88,Low
WD_036,Copper,10.924,52.83,26.69,6.22,96.1,Synthetic Emulsion,7,91.01,548,2835.54,1.054,Moderate
WD_037,Copper,7.568,107.95,17.34,7.98,74.9,Synthetic Emulsion,6,138.36,428.06,2534.47,0.712,Low
WD_038,Copper,4.735,109.72,23.99,6.09,106,Mineral Oil,5,140.31,477.42,2554.31,0.748,Low
WD_039,Copper,6.659,48.62,38.26,7,70.8,Synthetic Emulsion,8,100.95,644.51,2813.25,1.041,Moderate
WD_040,Copper,11.183,51.94,35.78,7.05,102.4,Synthetic Emulsion,5,96.76,669.47,3044.33,0.963,Low
WD_041,Copper,10.952,55.07,33.01,5.69,111.8,Synthetic Emulsion,5,101.5,642.43,3056.54,0.968,Low
WD_042,Copper,3.308,97.31,29.07,5.71,100,Mineral Oil,5,132.98,522.71,2627.42,0.868,Low
WD_043,Copper,5.785,56.45,16.48,7.83,121.6,Synthetic Emulsion,7,81.05,443.72,2611.09,0.834,Low
WD_044,Copper,6.618,64.1,25.25,7.25,93.1,Synthetic Emulsion,8,95.65,508.18,2665.77,0.938,Low
WD_045,Copper,5.634,82.85,30.04,7.91,66.3,Synthetic Emulsion,5,121.53,541.12,2674.56,0.865,Low
WD_046,Copper,11.778,46.14,17.38,7.61,99.9,Synthetic Emulsion,8,76.68,446.83,2612.69,0.895,Low
WD_047,Copper,11.208,25.41,24.88,6.51,107,Synthetic Emulsion,5,59.39,574.6,3022.05,0.852,Low
WD_048,Copper,13.619,49.59,36,6.08,88,Mineral Oil,5,90.66,683.09,3117.03,1.089,Moderate
WD_049,Copper,8.959,104.62,18.31,6.99,97.2,Mineral Oil,8,138.71,487.02,2799.96,0.957,Low
WD_050,Copper,7.2,35.21,19.1,7.68,78.7,Synthetic Emulsion,8,67.85,398.43,2285.42,0.871,Low
WD_051,Copper,4.244,65.83,34.95,6.53,94.6,Mineral Oil,8,110.98,584.78,2632.94,0.926,Low
WD_052,Copper,10.097,76.94,17.88,7.29,123.8,Synthetic Emulsion,8,102.71,458.82,2672.08,1.022,Moderate
WD_053,Copper,14.738,51.88,38.39,7.33,121,Synthetic Emulsion,5,104.32,761.15,3325.66,1.057,Moderate
WD_054,Copper,4.338,93.84,29.88,6.95,119.3,Mineral Oil,8,137.28,547.26,2722.1,1.013,Moderate
WD_055,Copper,7.166,73.37,36.47,7.7,67.1,Mineral Oil,6,113.27,630.06,2809.77,1.018,Moderate
WD_056,Copper,5.676,72.77,27.88,7.74,84.9,Synthetic Emulsion,5,104.08,523.62,2700.42,0.853,Low
WD_057,Copper,11.062,113.72,32.91,7.89,104.3,Synthetic Emulsion,7,158.24,613.76,2899.54,1.036,Moderate
WD_058,Copper,5.019,92.3,31.98,5.57,71.4,Mineral Oil,7,132.97,470.99,2266.35,1.17,Moderate
WD_059,Copper,6.107,60.57,26.23,6.98,128.6,Mineral Oil,5,95.13,516.59,2688.57,0.852,Low
WD_060,Copper,14.124,31.32,28.29,7.39,95.5,Synthetic Emulsion,6,75.55,620.86,3140.36,0.927,Low
WD_061,Copper,10.181,85.28,37.68,5.73,116.4,Mineral Oil,7,130.24,715.17,3171.44,1.051,Moderate
WD_062,Copper,6.41,30.26,33.75,7.53,118,Mineral Oil,6,71.43,644.79,3036.09,0.947,Low
WD_063,Copper,14.57,58.45,21.84,6.96,121.4,Mineral Oil,7,96.66,592.28,3248.52,1.007,Moderate
WD_064,Copper,5.137,57.4,35.25,6.5,76,Synthetic Emulsion,5,91.66,572.94,2634.95,0.882,Low
WD_065,Copper,12.474,37.24,35.57,7.82,95.2,Synthetic Emulsion,6,87.27,712.61,3250.44,1.037,Moderate
WD_066,Copper,14.491,109.66,28.14,7.2,97.3,Mineral Oil,6,155.01,628.17,3190.79,1.091,Moderate
WD_067,Copper,14.428,51.49,39.99,7.53,114.4,Mineral Oil,7,107.34,781.26,3287.38,1.134,Moderate
WD_068,Copper,6.16,71.96,34.35,6.97,97.9,Synthetic Emulsion,8,108.75,608.2,2797.51,1.055,Moderate
WD_069,Copper,3.958,82.85,34.41,6.57,112.5,Mineral Oil,8,123.57,572.48,2623.68,1.056,Moderate
WD_070,Copper,7.6,27.02,38.74,6.67,80.9,Mineral Oil,6,72.78,582.92,2530.35,1.025,Moderate
WD_071,Copper,3.933,118.17,15.39,7.8,62.2,Mineral Oil,7,142.6,344.55,2080.87,0.7,Low
WD_072,Copper,13.369,86.73,38.54,7.99,112.8,Synthetic Emulsion,8,142.29,778.86,3404.11,1.169,Moderate
WD_073,Copper,9.274,85.8,30.62,5.5,70.4,Synthetic Emulsion,6,126.23,536.62,2645.2,0.963,Low
WD_074,Copper,12.728,60.28,33.09,5.72,103.7,Synthetic Emulsion,7,101.7,631.17,2988.47,1.21,Moderate
WD_075,Copper,11.337,40.27,36.33,6.08,65.2,Synthetic Emulsion,5,82.44,686.41,3090.27,1.016,Moderate
WD_076,High Carbon Steel,11.576,160.59,21.35,6.13,490.7,Soap,9,200.75,975.69,5437.77,1.604,Moderate
WD_077,High Carbon Steel,11.718,136.77,22.93,5.99,354.5,Soap,9,177.88,938.71,5118.32,1.508,Moderate
WD_078,High Carbon Steel,10.558,132.02,28.53,6.05,357.7,Soap,10,188.33,1053.51,5317.68,1.515,Moderate
WD_079,High Carbon Steel,8.245,104.52,19.98,5.72,499.8,Soap,9,148.07,902.34,5137.2,1.204,Moderate
WD_080,High Carbon Steel,11.106,130.37,27.05,5.89,337,Mineral Oil,8,183.74,1009.05,5195.49,1.538,Moderate
WD_081,High Carbon Steel,9.253,148.95,31.97,5.78,301,Soap,7,212.57,991.8,4768.11,1.671,Moderate
WD_082,High Carbon Steel,8.946,134.71,13.24,6.26,310.2,Dry,9,168.59,669.2,4101.87,1.144,Moderate
WD_083,High Carbon Steel,11.804,98.74,18.2,5.7,311.1,Mineral Oil,7,145.41,788.74,4557.93,1.123,Moderate
WD_084,High Carbon Steel,10.349,99.78,10.47,5.69,438.9,Dry,10,133.15,716.97,4502.56,0.961,Low
WD_085,High Carbon Steel,10.394,166.26,18.89,5.8,374.5,Mineral Oil,9,210.39,795.26,4576.41,1.451,Moderate
WD_086,High Carbon Steel,10.54,121.65,11.62,6.08,449.4,Soap,7,153.6,745.98,4655.23,0.899,Low
WD_087,High Carbon Steel,11.124,120.13,22.95,5.59,415.8,Mineral Oil,9,171.34,961.3,5257.7,1.454,Moderate
WD_088,High Carbon Steel,9.828,128.44,28.83,6.28,342.4,Mineral Oil,7,183.92,1042.54,5275.81,1.352,Moderate
WD_089,High Carbon Steel,9.802,118.57,17.76,6.36,449.5,Dry,10,151.94,897.61,5216.73,1.16,Moderate
WD_090,High Carbon Steel,10.531,164.16,18.35,5.87,317.1,Dry,10,201.47,797.88,4574.44,1.604,Moderate
WD_091,High Carbon Steel,8.525,71.44,27.18,5.89,388.2,Soap,7,124.88,1013.85,5241.25,1.195,Moderate
WD_092,High Carbon Steel,9.466,103.27,30.06,6.41,419.1,Dry,9,166.98,1057.43,5237.5,1.458,Moderate
WD_093,High Carbon Steel,9.23,131.37,14.42,6.41,341.4,Soap,9,171.8,665.96,4023.66,1.173,Moderate
WD_094,High Carbon Steel,10.578,165.22,24.84,5.52,306.2,Dry,7,209.8,869.65,4636.43,1.503,Moderate
WD_095,High Carbon Steel,9.835,58.29,16.02,6.05,383.7,Mineral Oil,7,89.14,810.69,4856.51,1.032,Moderate
WD_096,High Carbon Steel,11.021,99.05,9.93,5.55,496.3,Soap,9,129.61,756.7,4813.52,1.053,Moderate
WD_097,High Carbon Steel,9.313,142.71,27.82,5.52,410,Soap,8,195.2,999.38,5088.96,1.498,Moderate
WD_098,High Carbon Steel,11.615,123.47,21.88,5.62,351.4,Mineral Oil,10,174.1,877.49,4857.55,1.37,Moderate
WD_099,High Carbon Steel,9.209,160.13,27.34,6.24,328.3,Mineral Oil,9,217.2,957.37,4939.64,1.583,Moderate
WD_100,High Carbon Steel,8.386,131.29,22.26,6.21,330.8,Dry,10,179.73,875.77,4807.47,1.425,Moderate
WD_101,High Carbon Steel,9.219,89.2,29.23,5.89,406.8,Soap,9,148.17,1003,5011.08,1.253,Moderate
WD_102,High Carbon Steel,11.37,69.8,21.56,5.75,341.6,Dry,9,113.86,857.32,4771.32,1.19,Moderate
WD_103,High Carbon Steel,10.418,47.15,24.29,6.34,461.6,Mineral Oil,7,100.62,1031,5524.94,1.24,Moderate
WD_104,High Carbon Steel,10.284,113.24,26.47,6.38,392.4,Mineral Oil,9,167.85,970.74,5040.27,1.429,Moderate
WD_105,High Carbon Steel,9.406,156.08,22.49,5.82,370.6,Soap,9,200.59,879.73,4837.54,1.556,Moderate
WD_106,High Carbon Steel,11.335,130.85,27.59,6.19,467.3,Mineral Oil,8,194.13,1113.21,5713.28,1.556,Moderate
WD_107,High Carbon Steel,11.364,64.67,27.79,5.86,321.3,Mineral Oil,8,123.4,1000.63,5101.47,1.189,Moderate
WD_108,High Carbon Steel,9.733,111.35,10.29,5.56,420.3,Mineral Oil,8,139.97,707.04,4486.5,1.033,Moderate
WD_109,High Carbon Steel,9.475,88.91,15.72,5.67,362.9,Soap,10,132.53,767.18,4580.46,1.04,Moderate
WD_110,High Carbon Steel,11.066,84.11,29.15,6.26,428.2,Soap,8,143.59,1101.58,5507.69,1.275,Moderate
WD_111,High Carbon Steel,11.517,104.35,24.87,6.23,368.6,Dry,7,154.4,952.75,5073.4,1.233,Moderate
WD_112,High Carbon Steel,8.222,159.86,13.72,5.73,317.8,Soap,8,190.23,668.99,4055.84,1.217,Moderate
WD_113,High Carbon Steel,11.798,112.95,27.24,6.48,305.9,Dry,9,172.15,972.5,4990.68,1.361,Moderate
WD_114,High Carbon Steel,11.541,154.5,12.17,6.24,439.8,Dry,8,185.24,786.37,4868.13,1.268,Moderate
WD_115,High Carbon Steel,10.711,130.86,31.57,6.18,315.8,Mineral Oil,7,197.38,1045.51,5075.45,1.577,Moderate
WD_116,High Carbon Steel,8.716,45.93,9.39,5.67,487.7,Mineral Oil,8,70.39,689.98,4395.67,0.925,Low
WD_117,High Carbon Steel,10.539,150.17,17.97,6.17,342.3,Dry,10,193.35,761.71,4403.79,1.357,Moderate
WD_118,High Carbon Steel,10.981,92.49,21.04,6.11,374.6,Mineral Oil,10,141.91,890.95,4980.92,1.257,Moderate
WD_119,High Carbon Steel,9.517,131.49,10.87,5.64,458.8,Mineral Oil,8,159.49,670.27,4204.29,1.005,Moderate
WD_120,High Carbon Steel,9.84,166.09,24.28,5.72,436.7,Mineral Oil,7,210.36,987.7,5275,1.386,Moderate
WD_121,High Carbon Steel,11.956,112.15,10.61,5.56,354.3,Dry,7,141.97,661.25,4165.63,0.907,Low
WD_122,High Carbon Steel,11.324,138.92,16.42,6,412,Soap,9,179.08,830.29,4938.54,1.144,Moderate
WD_123,High Carbon Steel,11.781,62.29,26.81,5.89,346.6,Soap,9,120.3,1017.59,5309.37,1.298,Moderate
WD_124,High Carbon Steel,11.256,155.49,20.18,6.41,479.2,Mineral Oil,8,192.83,1014.66,5742.67,1.481,Moderate
WD_125,High Carbon Steel,8.749,151.95,23.86,5.63,464,Mineral Oil,9,207.71,988.86,5326.74,1.636,Moderate
WD_126,High Carbon Steel,10.738,75.58,18.59,5.61,371,Mineral Oil,10,122.44,868.25,5001.88,1.272,Moderate
WD_127,High Carbon Steel,8.294,57.37,18.4,6.42,442.4,Dry,7,97.97,831.68,4800.78,1.044,Moderate
WD_128,High Carbon Steel,10.569,138.21,17.73,6.28,397.9,Soap,9,180.26,807.72,4721.64,1.111,Moderate
WD_129,High Carbon Steel,9.138,96.93,13.96,6.1,429.1,Soap,7,131.61,768.77,4661.55,0.835,Low
WD_130,High Carbon Steel,11.787,159.85,29.84,6.48,491.1,Soap,8,222.07,1169.65,5785.03,1.675,Moderate
WD_131,High Carbon Steel,11.982,120.76,15.59,6.16,469,Soap,7,158.76,830.43,4940.93,1.178,Moderate
WD_132,High Carbon Steel,11.641,63.94,25.7,6.43,410.4,Dry,7,119.92,1014.66,5332.5,1.185,Moderate
WD_133,High Carbon Steel,11.306,161.99,23.88,5.72,419.7,Mineral Oil,9,214.86,976.74,5257.36,1.616,Moderate
WD_134,High Carbon Steel,8.352,89.23,19.32,6.19,403.9,Mineral Oil,8,131.29,800.42,4539.25,1.088,Moderate
WD_135,High Carbon Steel,9.029,92.55,14.3,5.76,456.7,Dry,8,125.25,777.52,4713.62,1.093,Moderate
WD_136,High Carbon Steel,10.325,48.23,28.78,6.13,488.1,Dry,7,111.04,1093.07,5489.12,1.356,Moderate
WD_137,High Carbon Steel,11.025,69.24,23.41,5.84,464.1,Dry,9,110.13,1011.39,5479.4,1.296,Moderate
WD_138,High Carbon Steel,10.868,158.61,16.08,5.96,476.3,Dry,8,195.69,892,5285.73,1.36,Moderate
WD_139,High Carbon Steel,9.127,154.97,25.43,5.72,438.3,Mineral Oil,9,208.2,1014.7,5356.8,1.32,Moderate
WD_140,High Carbon Steel,8.331,101.61,10.41,5.79,356.2,Dry,8,125.34,572.11,3657.59,0.996,Low
WD_141,High Carbon Steel,9.852,123.73,13.38,5.96,368.4,Mineral Oil,10,160.71,703.79,4293.96,1.078,Moderate
WD_142,High Carbon Steel,11.493,105.93,31.19,6.17,490.5,Mineral Oil,10,171.3,1190.75,5793.29,1.529,Moderate
WD_143,High Carbon Steel,8.571,50.87,11.71,5.99,313.5,Mineral Oil,8,80.33,596.74,3699.57,0.805,Low
WD_144,High Carbon Steel,11.602,125.65,23.69,6.48,411.7,Dry,10,179.73,935.77,5061.54,1.354,Moderate
WD_145,High Carbon Steel,8.77,47.19,30.25,5.87,467.5,Soap,8,105.18,1090.83,5395.99,1.382,Moderate
WD_146,High Carbon Steel,9.567,143.94,11.38,5.53,324.6,Mineral Oil,10,178.73,640.02,4003.69,1.352,Moderate
WD_147,High Carbon Steel,8.636,117.21,19.67,6.46,465.9,Dry,10,161.79,891.65,5062.25,1.166,Moderate
WD_148,High Carbon Steel,9.024,95.72,14.43,5.59,491.7,Mineral Oil,9,129.01,838.98,5050.68,0.922,Low
WD_149,High Carbon Steel,11.241,42.99,20.25,5.54,377.4,Soap,8,90.29,829.77,4663.25,1.265,Moderate
WD_150,High Carbon Steel,11.305,145.6,10.52,6.3,329.9,Mineral Oil,9,173.23,672.62,4264.77,1.054,Moderate
WD_151,Aluminium,6.563,40.64,14.49,5.87,51.3,Mineral Oil,4,62.15,276.28,1682.64,0.733,Low
WD_152,Aluminium,8.797,82.14,23.63,5.95,74.9,Synthetic Emulsion,8,106.72,439.78,2374.9,0.795,Low
WD_153,Aluminium,4.143,67.25,15.63,5.63,62.3,Mineral Oil,7,85.24,302.68,1802.23,0.817,Low
WD_154,Aluminium,9.171,41.9,21.81,7.48,94.6,Mineral Oil,4,75.12,428.18,2344.51,0.754,Low
WD_155,Aluminium,9.036,60.37,11.01,5.61,43.7,Mineral Oil,7,80.02,313.84,1971.47,0.768,Low
WD_156,Aluminium,9.028,38.41,22.65,6.04,30.8,Mineral Oil,7,66.59,384.61,2109.93,0.963,Low
WD_157,Aluminium,6.831,78.95,16.02,6.79,27.2,Mineral Oil,5,97.37,305.61,1814.94,0.801,Low
WD_158,Aluminium,3.04,72.83,16.8,5.95,87,Mineral Oil,6,95.02,329.79,1965.2,0.83,Low
WD_159,Aluminium,8.669,79.08,12.19,5.95,60.2,Mineral Oil,7,103,299.48,1872.44,0.821,Low
WD_160,Aluminium,9.325,55.77,27.53,5.21,80.2,Mineral Oil,8,86.05,415.57,2143.66,0.953,Low
WD_161,Aluminium,8.784,45.07,25.07,7.72,72.9,Mineral Oil,5,79.83,424.04,2256,0.85,Low
WD_162,Aluminium,8.192,32.33,21.23,7.99,94.7,Mineral Oil,5,71.57,399.51,2210.32,0.831,Low
WD_163,Aluminium,9.857,64.54,14.48,7.51,57.7,Synthetic Emulsion,4,85.52,373.08,2250.61,0.728,Low
WD_164,Aluminium,5.08,71.49,18.91,7.98,31.6,Synthetic Emulsion,8,93.33,352.74,2009.83,0.848,Low
WD_165,Aluminium,3.18,99.23,15.84,5.74,65.8,Synthetic Emulsion,8,115.38,264.18,1584.2,0.748,Low
WD_166,Aluminium,6.773,41.02,17,6.28,25.8,Mineral Oil,7,65.76,287.54,1698.05,0.776,Low
WD_167,Aluminium,4.64,68.11,13.58,5.92,86,Synthetic Emulsion,6,86.35,270.73,1643.38,0.75,Low
WD_168,Aluminium,10.097,84.68,14.74,5.59,49.9,Mineral Oil,6,110.91,329.21,2004.82,0.74,Low
WD_169,Aluminium,11.279,65.03,10.67,7.16,38.6,Synthetic Emulsion,6,83.71,310.19,1947.55,0.739,Low
WD_170,Aluminium,8.043,44.18,21.74,7.56,38.5,Mineral Oil,6,73.55,395.01,2161.58,0.638,Low
WD_171,Aluminium,7.185,40.22,12.14,7.63,80.4,Mineral Oil,7,56.65,320.48,2008.75,0.778,Low
WD_172,Aluminium,2.444,53.96,22.97,5.4,45.3,Mineral Oil,5,80.27,304.22,1653.5,0.746,Low
WD_173,Aluminium,6.283,34.26,18.57,8,81.4,Synthetic Emulsion,7,56.57,383.32,2190.93,0.799,Low
WD_174,Aluminium,8.598,93.58,11.26,5.27,94.1,Mineral Oil,6,109.08,345.25,2160.61,0.813,Low
WD_175,Aluminium,6.648,38.36,18.59,5.62,92.8,Synthetic Emulsion,8,61.16,397.66,2272.18,0.801,Low
WD_176,Aluminium,2.032,38.91,28.62,6.44,38.1,Synthetic Emulsion,5,64.06,355.48,1823.74,0.576,Low
WD_177,Aluminium,11.774,71.44,14.71,5.49,46.1,Mineral Oil,6,86.52,352.36,2132.31,0.786,Low
WD_178,Aluminium,9.267,54.71,14.54,6.82,56.3,Synthetic Emulsion,5,68.25,356.23,2154.77,0.724,Low
WD_179,Aluminium,7.935,43.78,26.91,7.18,35.8,Mineral Oil,8,74.3,466.14,2385.81,0.889,Low
WD_180,Aluminium,7.041,45.14,13.2,7.82,75.3,Mineral Oil,8,72.46,376.26,2298.35,0.918,Low
WD_181,Aluminium,11.988,53.82,18.33,7.07,47.9,Mineral Oil,6,86.25,423.9,2429.01,0.932,Low
WD_182,Aluminium,5.493,52.82,10.76,5.93,80.3,Mineral Oil,6,62.91,265.54,1655.64,0.761,Low
WD_183,Aluminium,6.602,69.25,16.98,6.18,49.7,Synthetic Emulsion,7,91.79,272.45,1582.32,0.816,Low
WD_184,Aluminium,2.297,77.75,22.69,7.26,35.5,Mineral Oil,6,101.41,332.09,1809.49,0.732,Low
WD_185,Aluminium,10.048,51.39,18.17,5.78,61.6,Synthetic Emulsion,6,72.06,335.15,1911.31,0.872,Low
WD_186,Aluminium,6.893,53.34,24.49,7.96,81.7,Mineral Oil,4,78.54,384.8,2052.42,0.76,Low
WD_187,Aluminium,11.056,61.55,24.93,6.32,25.6,Mineral Oil,7,94.16,429.25,2271.8,1.123,Moderate
WD_188,Aluminium,4.473,28.54,26.31,7.09,34.6,Mineral Oil,7,57.68,388.91,2017.72,0.802,Low
WD_189,Aluminium,6.813,82.62,29.14,6.99,74.1,Mineral Oil,8,115.72,428.02,2126.35,0.916,Low
WD_190,Aluminium,7.866,58.71,11.4,6.15,25.1,Synthetic Emulsion,7,75.96,251.31,1569.96,0.681,Low
WD_191,Aluminium,2.265,48.92,18.83,7.52,68.2,Mineral Oil,4,73.21,331.51,1883.39,0.587,Low
WD_192,Aluminium,3.432,68.5,16.39,5.14,53,Synthetic Emulsion,6,84.25,273.69,1607.43,0.652,Low
WD_193,Aluminium,6.711,84.09,22.72,6.33,38.4,Mineral Oil,5,109.76,343.09,1880.96,0.793,Low
WD_194,Aluminium,3.414,88.27,23.09,5.44,93.1,Synthetic Emulsion,8,114.8,372.94,2045.89,0.916,Low
WD_195,Aluminium,8.962,40.27,25.07,7.92,79.7,Mineral Oil,4,71.24,437.09,2331.64,0.796,Low
WD_196,Aluminium,5.026,27.15,22.81,7.06,67,Synthetic Emulsion,4,46.95,341.09,1866.08,0.592,Low
WD_197,Aluminium,10.732,78.16,13.52,7.99,41.5,Mineral Oil,5,98.29,339.65,2085.1,0.799,Low
WD_198,Aluminium,4.349,29.6,23.78,5.22,66.6,Synthetic Emulsion,6,48.85,281.86,1524.13,0.905,Low
WD_199,Aluminium,4.134,87.56,22.97,7.95,39.5,Mineral Oil,8,114.54,338.99,1855.01,0.888,Low
WD_200,Aluminium,6.859,86.49,15.27,7.28,37.1,Synthetic Emulsion,5,108.05,286.31,1711.58,0.634,Low
WD_201,Aluminium,9.115,87.74,28.16,5.77,80.8,Synthetic Emulsion,4,113.56,451.43,2285.81,0.89,Low
WD_202,Aluminium,9.229,47.42,24.98,5.94,66.9,Mineral Oil,7,79.15,446.66,2339.03,0.878,Low
WD_203,Aluminium,4.164,71.42,25.09,5.69,52.4,Mineral Oil,4,97.89,348.93,1838.47,0.772,Low
WD_204,Aluminium,10.64,88.39,12.33,6.77,76.3,Synthetic Emulsion,6,107.09,337.76,2092.7,0.79,Low
WD_205,Aluminium,7.259,99.54,24.41,5.5,88.6,Mineral Oil,7,127.26,410.57,2210.9,0.937,Low
WD_206,Aluminium,4.349,50.95,13.54,5.03,30.6,Synthetic Emulsion,4,70.78,264.07,1598.18,0.654,Low
WD_207,Aluminium,11.426,54.36,18.03,5.53,36.1,Synthetic Emulsion,4,81.14,332.15,1922.14,0.93,Low
WD_208,Aluminium,3.479,68.31,28.89,6.82,83.3,Synthetic Emulsion,6,100.82,383.96,1905.76,0.869,Low
WD_209,Aluminium,7.722,34.01,17.44,6.64,25.6,Mineral Oil,8,65.19,348.07,2042.45,0.899,Low
WD_210,Aluminium,11.088,83.44,23.25,6.77,84.9,Mineral Oil,4,112.04,437.62,2360.75,0.951,Low
WD_211,Aluminium,5.376,100,15.76,6.03,87.5,Synthetic Emulsion,8,114.62,308.07,1857.02,0.886,Low
WD_212,Aluminium,3.712,97.11,29.75,6.91,58.6,Mineral Oil,8,127.56,380.45,1924.64,0.869,Low
WD_213,Aluminium,3.345,48.99,14.93,7.2,73.7,Mineral Oil,8,68.13,328.32,1989.54,0.904,Low
WD_214,Aluminium,5.523,67.82,11.47,5.64,48.7,Mineral Oil,6,88.27,279.18,1753.59,0.727,Low
WD_215,Aluminium,10.226,62.86,14.85,6.64,35.1,Synthetic Emulsion,7,90.9,324.69,1971.86,0.831,Low
WD_216,Aluminium,3.627,31.91,25.08,5.73,81.2,Synthetic Emulsion,5,53.02,288.58,1535.21,0.638,Low
WD_217,Aluminium,5.478,74.42,14.95,5.71,36.1,Synthetic Emulsion,5,89.47,257.63,1539.41,0.706,Low
WD_218,Aluminium,9.483,72.24,28.95,7.89,60.3,Mineral Oil,6,101.88,489.14,2421.1,0.832,Low
WD_219,Aluminium,10.898,26.5,22.24,6.22,30.2,Mineral Oil,7,53.36,434.79,2363.01,0.873,Low
WD_220,Aluminium,10.037,87.02,12.94,6.52,35.6,Synthetic Emulsion,4,105.57,291.63,1799.41,0.587,Low
WD_221,Aluminium,3.794,26.88,11.56,7.75,49.5,Synthetic Emulsion,4,38.19,213.04,1326.16,0.49,Low
WD_222,Aluminium,4.305,68.48,14.67,5.73,94.7,Synthetic Emulsion,4,86.17,319.03,1929.37,0.538,Low
WD_223,Aluminium,11.202,96.12,29.59,6.03,98.1,Synthetic Emulsion,8,128.4,568.68,2832.08,1.021,Moderate
WD_224,Aluminium,9.699,70.96,16.42,7.22,58.9,Synthetic Emulsion,4,94.48,322.54,1898.59,0.725,Low
WD_225,Aluminium,2.722,35.78,12.04,7.24,90.3,Mineral Oil,5,53.36,270.59,1707.33,0.389,Low
WD_226,Mild Steel,7.191,138.7,11.25,5.32,218.7,Dry,7,164.04,446.32,2803.6,0.896,Low
WD_227,Mild Steel,3.201,71.9,26.65,6.27,189.1,Dry,9,108.54,609.46,3180.74,0.846,Low
WD_228,Mild Steel,5.99,60.57,22.84,5.73,153.5,Mineral Oil,6,101.97,511.7,2766.71,0.914,Low
WD_229,Mild Steel,4.272,130.02,21.96,7.84,158.8,Dry,6,165.42,512.9,2818.64,0.96,Low
WD_230,Mild Steel,8.289,87.41,21.32,6.46,215,Mineral Oil,9,125.96,642.68,3571.74,1.049,Moderate
WD_231,Mild Steel,7.901,33.83,12.6,5.17,163,Soap,7,56.38,428.73,2644.08,0.9,Low
WD_232,Mild Steel,8.522,100.23,26.99,7.72,218.3,Soap,8,148.5,725.78,3783.54,1.022,Moderate
WD_233,Mild Steel,3.433,96.32,10.91,6.89,216.3,Mineral Oil,7,117.17,425.78,2667.07,0.848,Low
WD_234,Mild Steel,4.778,27.85,19.83,7.33,193.2,Mineral Oil,9,63.95,547.64,3099.39,1.065,Moderate
WD_235,Mild Steel,3.124,112.99,22.28,7.8,138.6,Soap,9,148.75,555.39,3049.6,0.968,Low
WD_236,Mild Steel,6.729,68.38,13.61,7.57,200.2,Mineral Oil,6,91.76,497.85,3027.76,0.902,Low
WD_237,Mild Steel,9.42,121.25,21.95,7.36,138.5,Soap,9,155.74,624.61,3417.17,0.986,Low
WD_238,Mild Steel,8.788,93.35,28.99,5.84,190,Mineral Oil,5,136.87,718.2,3611.56,0.914,Low
WD_239,Mild Steel,6.906,134.34,14.07,7.52,196.5,Mineral Oil,8,164.09,534.64,3269.44,0.957,Low
WD_240,Mild Steel,5.919,109.65,20.49,5.62,209,Mineral Oil,8,147.66,599.22,3368.96,0.911,Low
WD_241,Mild Steel,7.335,38.44,17.83,7.42,133.9,Dry,8,65.83,463.17,2700.49,1.05,Moderate
WD_242,Mild Steel,4.82,44.96,12.08,6.79,191.8,Dry,8,70.14,437.08,2701.53,0.767,Low
WD_243,Mild Steel,4.383,107.9,25.47,6.44,146.3,Dry,7,145.97,566.57,2979.4,0.793,Low
WD_244,Mild Steel,8.365,85.46,19.73,6.55,154.4,Soap,9,121.63,570.68,3220.3,0.946,Low
WD_245,Mild Steel,7.809,27.96,22.21,7.22,147.6,Dry,6,61.15,571.08,3136.33,0.916,Low
WD_246,Mild Steel,4.92,104.91,17.36,7.53,214.7,Mineral Oil,8,135.15,502.48,2943.73,0.769,Low
WD_247,Mild Steel,6.818,39.35,19.73,6.23,147.7,Mineral Oil,6,66,511.73,2909.99,0.92,Low
WD_248,Mild Steel,9.816,45.01,17.77,7.97,160.3,Mineral Oil,9,82.38,542.41,3161.18,1.06,Moderate
WD_249,Mild Steel,5.245,48.83,13.96,5.71,174.9,Mineral Oil,7,72.26,436.51,2650.95,0.953,Low
WD_250,Mild Steel,3.779,133.57,25.2,6.72,131,Soap,7,173.03,529.46,2813.45,1.088,Moderate
WD_251,Mild Steel,3.809,74.28,13.28,6.73,218.2,Dry,7,99.42,504.35,3091.74,0.754,Low
WD_252,Mild Steel,4.256,43.75,22.91,6.39,177.8,Mineral Oil,8,73.7,599.55,3261.56,1.07,Moderate
WD_253,Mild Steel,7.917,83.24,26.66,7.05,194.6,Dry,5,122.32,659.05,3398.68,0.919,Low
WD_254,Mild Steel,6.779,54.88,15.84,7.19,128.1,Mineral Oil,5,80.95,441.19,2638.34,0.763,Low
WD_255,Mild Steel,4.867,103.72,21.92,5.9,149.1,Mineral Oil,7,135.39,490.27,2697.99,0.877,Low
WD_256,Mild Steel,7.123,49.39,10.17,6.63,144.8,Dry,6,71.47,432.76,2717.16,0.691,Low
WD_257,Mild Steel,3.241,89.46,24.43,6.3,150.1,Dry,5,120.12,551.65,2932.66,0.728,Low
WD_258,Mild Steel,4.642,120.27,13.7,7.01,211.7,Mineral Oil,6,143.23,470.58,2847.56,0.775,Low
WD_259,Mild Steel,7.78,80.81,26.99,7.24,176.8,Dry,7,120.25,663.97,3448.16,0.914,Low
WD_260,Mild Steel,4.197,135.89,10.95,5.15,130.9,Mineral Oil,6,156.35,370.36,2352.43,0.659,Low
WD_261,Mild Steel,3.86,74.26,18.89,6.53,149.8,Mineral Oil,7,109.64,472.37,2696.39,0.828,Low
WD_262,Mild Steel,9.832,81.65,19.74,5.84,160.1,Soap,9,119.97,628.27,3574.18,0.997,Low
WD_263,Mild Steel,7.27,87.74,10.32,6.67,155.1,Soap,5,110.57,445.81,2849.36,0.653,Low
WD_264,Mild Steel,4.709,94.04,19.81,6.24,181.8,Soap,7,122.57,554.67,3155.36,0.881,Low
WD_265,Mild Steel,4.958,63.31,12.44,6.84,149.7,Soap,6,87.95,419.64,2598.69,0.763,Low
WD_266,Mild Steel,7.481,83.98,21.41,5.96,215.1,Mineral Oil,6,116.92,575.66,3219.18,0.794,Low
WD_267,Mild Steel,4.085,27.03,27.86,6.6,195.7,Soap,9,68.28,656.85,3358.11,1.044,Moderate
WD_268,Mild Steel,5.2,29.01,26.95,7.26,187.5,Mineral Oil,7,76.86,644.35,3302.86,0.833,Low
WD_269,Mild Steel,4.323,30.07,20.31,5.36,157.8,Dry,9,59.6,520.56,2920.63,0.877,Low
WD_270,Mild Steel,4.576,118.44,28.43,7.98,120.1,Soap,5,162.45,651.77,3314.23,0.903,Low
WD_271,Mild Steel,8.526,99.14,16.84,5.6,161.3,Dry,5,129.16,518.39,3031.07,0.728,Low
WD_272,Mild Steel,3.965,44.32,11.87,5.98,175,Dry,7,63.8,394.73,2433.07,0.853,Low
WD_273,Mild Steel,4.537,105.39,20.54,6.89,123.1,Dry,9,137.3,481.75,2691.71,1.089,Moderate
WD_274,Mild Steel,4.921,73.61,12.04,5.69,164.7,Dry,9,91.85,398.27,2482.44,0.942,Low
WD_275,Mild Steel,9.518,53.26,10.69,5.99,164.3,Dry,9,72.36,428.56,2677.12,0.852,Low
WD_276,Mild Steel,9.298,111.67,19.08,5.11,212.5,Soap,9,146.23,605.7,3509.64,0.987,Low
WD_277,Mild Steel,9.764,63.65,19.08,5.98,141.6,Dry,7,96.26,575.82,3283.96,1.019,Moderate
WD_278,Mild Steel,8.651,120.62,16.54,7.4,192.1,Soap,6,148.71,536.52,3159.16,0.935,Low
WD_279,Mild Steel,7.025,114.46,28.27,7.67,124.7,Dry,9,155.53,684.07,3485.59,1.153,Moderate
WD_280,Mild Steel,8.914,69.05,15.84,6.62,214.3,Soap,6,103.74,516.68,3049.03,0.708,Low
WD_281,Mild Steel,6.48,105.7,17.06,6.43,141.1,Soap,6,139.29,494.53,2898.9,0.735,Low
WD_282,Mild Steel,7.299,54.58,17.49,7.94,196.5,Mineral Oil,7,85.62,530.98,3103.15,0.951,Low
WD_283,Mild Steel,8.896,133.83,23.39,5.6,163.8,Dry,6,169.19,578.64,3121.6,1.101,Moderate
WD_284,Mild Steel,9.574,28.37,29.97,5.31,164.4,Dry,7,81.34,716.7,3550.18,1.173,Moderate
WD_285,Mild Steel,3.174,27.8,16.72,6.16,158.6,Mineral Oil,7,43.66,449.48,2617.16,1.031,Moderate
WD_286,Mild Steel,4.182,31.02,13.75,7.17,136.9,Mineral Oil,7,59.77,420.03,2574.64,0.879,Low
WD_287,Mild Steel,4.791,64.47,20.93,6,207.4,Dry,9,101.26,573.1,3214.27,1.007,Moderate
WD_288,Mild Steel,4.284,72.44,29.97,5.59,201.5,Soap,5,115.33,667.7,3306.16,1.024,Moderate
WD_289,Mild Steel,8.033,65.72,13.11,7.25,185.9,Mineral Oil,5,96.3,473.83,2911.2,0.578,Low
WD_290,Mild Steel,5.985,88.74,18,5.64,191.5,Soap,8,123.42,476.74,2768.09,0.887,Low
WD_291,Mild Steel,5.223,49.56,25.76,5.59,205.4,Mineral Oil,6,91.95,697.37,3631.26,0.826,Low
WD_292,Mild Steel,4.599,103.37,22.15,7.49,181.2,Dry,7,141.45,585.27,3201.72,0.767,Low
WD_293,Mild Steel,7.816,139.58,27.51,5.62,198.7,Mineral Oil,5,182.8,692.75,3525.1,1.163,Moderate
WD_294,Mild Steel,6.513,135.27,27.32,6.16,129.5,Mineral Oil,8,172.68,634.09,3256.95,1.174,Moderate
WD_295,Mild Steel,8.182,67.5,29.51,5.84,166.8,Soap,8,121.22,698.22,3456.74,1.1,Moderate
WD_296,Mild Steel,8.68,105.64,12.88,6.96,142.9,Dry,7,133.28,477.59,2936.94,0.767,Low
WD_297,Mild Steel,8.186,31.11,16.37,5.08,183.7,Dry,9,60.31,530.28,3166.87,0.947,Low
WD_298,Mild Steel,6.531,124.29,12,6.45,148.8,Dry,6,148.76,366.35,2266.33,0.66,Low
WD_299,Mild Steel,3.518,51.81,17.25,6.21,121.2,Dry,5,77.91,429.05,2545.35,0.786,Low
WD_300,Mild Steel,8.222,86.87,18.39,6.28,149.7,Soap,9,120.81,556.47,3226.25,0.831,Low