Item,Details,,,
Purpose,Wire-drawing simulation/ML mini-project dataset with 7 requested input parameters.,,,
Dataset size,300 synthetic samples.,,,
Material distribution,75 Copper + 75 High Carbon Steel + 75 Aluminium + 75 Mild Steel.,,,
Sample ID meaning,WD_001–WD_075 = Copper; WD_076–WD_150 = High Carbon Steel; WD_151–WD_225 = Aluminium; WD_226–WD_300 = Mild Steel.,,,
Important distinction,"The ML_Dataset targets are synthetic engineering-design values, not experimental measurements from the uploaded papers.",,,
Source use,Uploaded papers were used to anchor the steel/copper process ranges where available. The uploaded literature does not provide complete datasets for all four requested materials.,,,
Recommended ML use,"Use X1–X7 plus Material as features. Start with Y1 or Y2 for regression, or Y5 for classification.",,,
X3 definition,"Reduction in cross-sectional area per pass, in percent.",,,
X4 definition,"Semi-die angle α. If a source reports 2α, divide by 2.",,,
X5 hardness,Initial hardness is included as an engineering-design variable; it was not available as a complete input dataset in the uploaded papers.,,,
Y columns,Y1–Y5 are synthetic targets. Replace them with experimental or FE results when available.,,,